SampleID,SiteID,RepID,Treatment,Date,Subsample,Experimenter,Date.start,Date.end,Crucible.location,Mass.dry.crucible.g,Mass.wet.soil,Mass.105C.overnight,Mass.4hr.550C,Mass.2hr.1000C,Notes,Mass.Moisture,Mass.SOM,Mass.Carbonate,,per.moisture,per.SOM,per.InorgC,per.totC
01,AH,A,Interspace,5/2024,1,SF,9/24/24,9/27/24,A-1,15.6133,10.0149,23.3374,22.523,22.4658,,2.2908,0.8144,0.0572,,22.874,8.132,0.571,8.703
02,AH,A,Interspace,5/2024,2,SF,9/24/24,9/27/24,A-2,15.0811,10.0263,22.8229,22.0035,21.946,,2.2845,0.8194,0.0575,,22.785,8.173,0.573,8.746
03,AH,B,Interspace,5/2024,1,SF,9/24/24,9/27/24,A-3,17.4098,10.0468,25.4427,24.8155,24.7564,,2.0139,0.6272,0.0591,,20.045,6.243,0.588,6.831
04,AH,B,Interspace,5/2024,2,SF,9/24/24,9/27/24,B-1,13.2597,10.0247,21.2644,20.6341,20.5768,,2.02,0.6303,0.0573,,20.150,6.287,0.572,6.859
05,AH,C,Interspace,5/2024,1,SF,9/24/24,9/27/24,B-2,17.7583,10.1657,25.3913,24.6871,24.6282,,2.5327,0.7042,0.0589,,24.914,6.927,0.579,7.507
06,AH,C,Interspace,5/2024,2,SF,9/24/24,9/27/24,B-3,15.5543,10.0034,23.0694,22.3815,22.3215,,2.4883,0.6879,0.06,,24.875,6.877,0.600,7.476
07,AH,A,Live Rhizosphere,5/2024,1,SF,9/24/24,9/27/24,C-1,18.4827,10.0616,26.0631,25.2474,25.1861,,2.4812,0.8157,0.0613,,24.660,8.107,0.609,8.716
08,AH,A,Live Rhizosphere,5/2024,2,SF,10/1/24,10/4/14,C-2,14.4872,10.0598,21.976,21.147,21.1031,,2.571,0.829,0.0439,,25.557,8.241,0.436,8.677
09,AH,B,Live Rhizosphere,5/2024,1,SF,9/24/24,9/27/24,C-3,15.9898,10.046,23.2405,22.447,22.3869,,2.7953,0.7935,0.0601,,27.825,7.899,0.598,8.497
10,AH,B,Live Rhizosphere,5/2024,2,SF,9/24/24,9/27/24,D-1,15.1611,10.0531,22.4154,21.6249,21.5582,,2.7988,0.7905,0.0667,,27.840,7.863,0.663,8.527
11,AH,C,Live Rhizosphere,5/2024,1,SF,9/24/24,9/27/24,D-2,16.8864,10.0131,24.2505,23.5365,23.4676,,2.649,0.714,0.0689,,26.455,7.131,0.688,7.819
12,AH,C,Live Rhizosphere,5/2024,2,SF,9/24/24,9/27/24,D-3,15.921,10.0209,23.3045,22.5801,22.509,,2.6374,0.7244,0.0711,,26.319,7.229,0.710,7.938
13,BB,A,Interspace,5/2024,1,SF,10/1/24,10/4/14,A-1,15.9042,10.0178,24.4049,24.0978,24.0699,,1.5171,0.3071,0.0279,,15.144,3.066,0.279,3.344
14,BB,A,Interspace,5/2024,2,SF,10/1/24,10/4/14,A-2,16.9017,10.0415,25.3948,25.0861,25.0572,,1.5484,0.3087,0.0289,,15.420,3.074,0.288,3.362
15,BB,B,Interspace,5/2024,1,SF/RA,8/1/24,8/5/24,A-3,15.1611,10.1053,23.9631,23.5717,23.53,,1.3033,0.3914,0.0417,,12.897,3.873,0.413,4.286
16,BB,B,Interspace,5/2024,2,SF,10/1/24,10/4/14,B-1,16.5635,10.0219,25.2469,24.9978,24.9745,,1.3385,0.2491,0.0233,,13.356,2.486,0.232,2.718
17,BB,C,Interspace,5/2024,1,SF/RA,8/1/24,8/5/24,B-2,15.6137,10.0488,24.3653,23.5703,23.526,,1.2972,0.795,0.0443,,12.909,7.911,0.441,8.352
18,BB,C,Interspace,5/2024,2,SF/RA,8/1/24,8/5/24,B-3,14.4857,10.0983,23.2823,23.0106,22.9681,,1.3017,0.2717,0.0425,,12.890,2.691,0.421,3.111
19,BB,A,Live Rhizosphere,5/2024,1,SF/RA,8/1/24,8/5/24,C-1,15.9212,10.087,24.948,24.4972,24.4322,,1.0602,0.4508,0.065,,10.511,4.469,0.644,5.114
20,BB,A,Live Rhizosphere,5/2024,2,SF/RA,8/1/24,8/5/24,C-2,17.4104,10.0931,26.4368,25.9831,25.9173,,1.0667,0.4537,0.0658,,10.569,4.495,0.652,5.147
21,BB,B,Live Rhizosphere,5/2024,1,SF/RA,8/1/24,8/5/24,C-3,15.0814,10.0935,24.0359,23.5523,23.4861,,1.139,0.4836,0.0662,,11.284,4.791,0.656,5.447
22,BB,B,Live Rhizosphere,5/2024,2,SF/RA,8/1/24,8/5/24,D-1,16.8864,10.0924,25.7225,25.2399,25.1716,,1.2563,0.4826,0.0683,,12.448,4.782,0.677,5.459
23,BB,C,Live Rhizosphere,5/2024,1,SF/RA,8/1/24,8/5/24,D-2,15.9882,10.0298,24.8612,24.3742,24.3013,,1.1568,0.487,0.0729,,11.534,4.856,0.727,5.582
24,BB,C,Live Rhizosphere,5/2024,2,SF/RA,8/1/24,8/5/24,D-3,13.2591,10.0813,22.3175,21.8255,21.7513,,1.0229,0.492,0.0742,,10.147,4.880,0.736,5.616
25,CR,A,Interspace,5/2024,1,SF,8/5/24,8/7/24,A-1,16.5624,10.0239,26.3661,25.9199,25.8724,,0.2202,0.4462,0.0475,,2.197,4.451,0.474,4.925
26,CR,A,Interspace,5/2024,2,SF,8/5/24,8/7/24,A-2,16.3764,10.0077,26.1724,25.7388,25.6912,,0.2117,0.4336,0.0476,,2.115,4.333,0.476,4.808
27,CR,B,Interspace,5/2024,1,SF,8/5/24,8/7/24,A-3,15.6525,10.0992,25.2549,24.8856,24.838,,0.4968,0.3693,0.0476,,4.919,3.657,0.471,4.128
28,CR,B,Interspace,5/2024,2,SF,8/5/24,8/7/24,B-1,16.0574,10.037,25.5851,25.2063,25.161,,0.5093,0.3788,0.0453,,5.074,3.774,0.451,4.225
29,CR,C,Interspace,5/2024,1,SF,8/5/24,8/7/24,B-2,14.4874,10.0176,24.1411,23.871,23.832,,0.3639,0.2701,0.039,,3.633,2.696,0.389,3.086
30,CR,C,Interspace,5/2024,2,SF,8/5/24,8/7/24,B-3,14.62,10.0344,24.2881,24.0114,23.9721,,0.3663,0.2767,0.0393,,3.650,2.758,0.392,3.149
31,CR,A,Live Rhizosphere,5/2024,1,SF,8/5/24,8/7/24,C-1,16.902,10.039,26.3379,25.9323,25.8935,,0.6031,0.4056,0.0388,,6.008,4.040,0.386,4.427
32,CR,A,Live Rhizosphere,5/2024,2,SF,8/5/24,8/7/24,C-2,15.193,10.0434,24.6094,24.2036,24.1636,,0.627,0.4058,0.04,,6.243,4.040,0.398,4.439
33,CR,B,Live Rhizosphere,5/2024,1,SF,8/5/24,8/7/24,C-3,15.4565,10.0218,24.4885,24.0138,23.97,,0.9898,0.4747,0.0438,,9.876,4.737,0.437,5.174
34,CR,B,Live Rhizosphere,5/2024,2,SF,8/5/24,8/7/24,D-1,16.2961,10.0675,25.3427,24.8656,24.817,,1.0209,0.4771,0.0486,,10.141,4.739,0.483,5.222
35,CR,C,Live Rhizosphere,5/2024,1,SF,8/5/24,8/7/24,D-2,15.4853,10.018,24.7398,24.2755,24.2269,,0.7635,0.4643,0.0486,,7.621,4.635,0.485,5.120
36,CR,C,Live Rhizosphere,5/2024,2,SF,8/5/24,8/7/24,D-3,15.9043,10.0303,25.1485,24.6858,24.6369,,0.7861,0.4627,0.0489,,7.837,4.613,0.488,5.101
37,HG,A,Interspace,5/2024,1,SF,9/19/24,9/24/24,A-1,16.5635,10.0542,25.6621,25.2897,25.2442,,0.9556,0.3724,0.0455,,9.504,3.704,0.453,4.156
38,HG,A,Interspace,5/2024,2,SF,9/19/24,9/24/24,A-2,16.0584,10.0204,25.1494,24.779,24.7335,,0.9294,0.3704,0.0455,,9.275,3.696,0.454,4.151
39,HG,B,Interspace,5/2024,1,SF,9/19/24,9/24/24,A-3,16.9025,10.0997,25.3554,24.9472,24.8985,,1.6468,0.4082,0.0487,,16.305,4.042,0.482,4.524
40,HG,B,Interspace,5/2024,2,SF,9/19/24,9/24/24,B-1,14.4879,10.007,22.8566,22.4509,22.4037,,1.6383,0.4057,0.0472,,16.372,4.054,0.472,4.526
41,HG,C,Interspace,5/2024,1,SF,9/19/24,9/24/24,B-2,16.3775,10.0631,25.3733,25.008,24.96,,1.0673,0.3653,0.048,,10.606,3.630,0.477,4.107
42,HG,C,Interspace,5/2024,2,SF,9/19/24,9/24/24,B-3,15.1936,10.0847,24.199,23.831,23.7845,,1.0793,0.368,0.0465,,10.702,3.649,0.461,4.110
43,HG,A,Live Rhizosphere,5/2024,1,SF,9/19/24,9/24/24,C-1,15.4865,10.0204,24.0414,23.6202,23.5869,,1.4655,0.4212,0.0333,,14.625,4.203,0.332,4.536
44,HG,A,Live Rhizosphere,5/2024,2,SF,9/19/24,9/24/24,C-2,16.2966,10.0845,24.9238,24.5017,24.4683,,1.4573,0.4221,0.0334,,14.451,4.186,0.331,4.517
45,HG,B,Live Rhizosphere,5/2024,1,SF,9/19/24,9/24/24,C-3,15.905,10.0466,24.673,24.3047,24.2721,,1.2786,0.3683,0.0326,,12.727,3.666,0.324,3.990
46,HG,B,Live Rhizosphere,5/2024,2,SF,9/19/24,9/24/24,D-1,15.4572,10.1049,24.2777,23.9101,23.8718,,1.2844,0.3676,0.0383,,12.711,3.638,0.379,4.017
47,HG,C,Live Rhizosphere,5/2024,1,SF,9/19/24,9/24/24,D-2,15.6521,10.0403,24.2928,23.828,23.7883,,1.3996,0.4648,0.0397,,13.940,4.629,0.395,5.025
48,HG,C,Live Rhizosphere,5/2024,2,SF,9/19/24,9/24/24,D-3,14.6205,10.0589,23.2999,22.8503,22.809,,1.3795,0.4496,0.0413,,13.714,4.470,0.411,4.880
49,HR,A,Interspace,5/2024,1,SF,9/17/24,9/19/24,A-1,15.9901,10.159,23.8032,23.1537,23.096,,2.3459,0.6495,0.0577,,23.092,6.393,0.568,6.961
50,HR,A,Interspace,5/2024,2,SF,9/17/24,9/19/24,A-2,14.4851,10.0308,22.1877,21.5449,21.4854,Cooked 45 min extra on 1000degree cycle,2.3282,0.6428,0.0595,,23.211,6.408,0.593,7.001
51,HR,B,Interspace,5/2024,1,SF,9/17/24,9/19/24,A-3,15.1617,10.1238,22.7963,22.0535,21.996,Cooked 45 min extra on 1000degree cycle,2.4892,0.7428,0.0575,,24.588,7.337,0.568,7.905
52,HR,B,Interspace,5/2024,2,SF,9/17/24,9/19/24,B-1,15.6144,10.0394,23.1598,22.4194,22.3632,Cooked 45 min extra on 1000degree cycle,2.494,0.7404,0.0562,,24.842,7.375,0.560,7.935
53,HR,C,Interspace,5/2024,1,SF,9/17/24,9/19/24,B-2,15.9215,10.028,23.862,23.2291,23.1698,Cooked 45 min extra on 1000degree cycle,2.0875,0.6329,0.0593,,20.817,6.311,0.591,6.903
54,HR,C,Interspace,5/2024,2,SF,9/17/24,9/19/24,B-3,18.4828,10.0189,26.396,25.7559,25.6963,Cooked 45 min extra on 1000degree cycle,2.1057,0.6401,0.0596,,21.017,6.389,0.595,6.984
55,HR,A,Live Rhizosphere,5/2024,1,SF,9/17/24,9/19/24,C-1,17.7576,10.0245,25.7722,25.119,25.0563,Cooked 45 min extra on 1000degree cycle,2.0099,0.6532,0.0627,,20.050,6.516,0.625,7.142
56,HR,A,Live Rhizosphere,5/2024,2,SF,9/17/24,9/19/24,C-2,15.0823,10.0965,23.1636,22.5161,22.4543,Cooked 45 min extra on 1000degree cycle,2.0152,0.6475,0.0618,,19.959,6.413,0.612,7.025
57,HR,B,Live Rhizosphere,5/2024,1,SF,9/17/24,9/19/24,C-3,13.2601,10.0263,21.0839,20.3595,20.3013,Cooked 45 min extra on 1000degree cycle,2.2025,0.7244,0.0582,,21.967,7.225,0.580,7.805
58,HR,B,Live Rhizosphere,5/2024,2,SF,9/17/24,9/19/24,D-1,16.8869,10.0361,24.7174,23.9966,23.9295,Cooked 45 min extra on 1000degree cycle,2.2056,0.7208,0.0671,,21.977,7.182,0.669,7.851
59,HR,C,Live Rhizosphere,5/2024,1,SF,9/17/24,9/19/24,D-2,17.41,10.0685,25.3295,24.667,24.5952,Cooked 45 min extra on 1000degree cycle,2.149,0.6625,0.0718,,21.344,6.580,0.713,7.293
60,HR,C,Live Rhizosphere,5/2024,2,SF,9/17/24,9/19/24,D-3,15.5547,10.1197,23.5211,22.8496,22.7745,Cooked 45 min extra on 1000degree cycle,2.1533,0.6715,0.0751,,21.278,6.636,0.742,7.378
61,NG,A,Interspace,5/2024,1,SF,8/14/24,8/16/24,A-1,15.9196,10.0606,25.1574,24.701,24.613,,0.8228,0.4564,0.088,,8.178,4.537,0.875,5.411
62,NG,A,Interspace,5/2024,2,SF,8/14/24,8/16/24,A-2,18.483,10.0931,27.7492,27.2898,27.2011,,0.8269,0.4594,0.0887,,8.193,4.552,0.879,5.430
63,NG,B,Interspace,5/2024,1,SF,8/14/24,8/16/24,A-3,15.9892,10.014,25.6232,25.2323,25.1716,,0.38,0.3909,0.0607,,3.795,3.904,0.606,4.510
64,NG,B,Interspace,5/2024,2,SF,10/1/24,10/4/14,B-1,16.3773,10.0176,26.0001,25.5981,25.5589,,0.3948,0.402,0.0392,,3.941,4.013,0.391,4.404
65,NG,C,Interspace,5/2024,1,SF,8/14/24,8/16/24,B-2,13.2598,10.0369,22.2727,21.6484,21.5206,,1.024,0.6243,0.1278,,10.202,6.220,1.273,7.493
66,NG,C,Interspace,5/2024,2,SF,8/14/24,8/16/24,B-3,17.4097,10.0131,26.4001,25.7764,25.6515,,1.0227,0.6237,0.1249,,10.214,6.229,1.247,7.476
67,NG,A,Live Rhizosphere,5/2024,1,SF,8/14/24,8/16/24,C-1,15.1609,10.0417,24.2897,23.6518,23.5789,,0.9129,0.6379,0.0729,,9.091,6.353,0.726,7.078
68,NG,A,Live Rhizosphere,5/2024,2,SF,8/14/24,8/16/24,C-2,15.0816,10.0155,24.1805,23.5422,23.4693,,0.9166,0.6383,0.0729,,9.152,6.373,0.728,7.101
69,NG,B,Live Rhizosphere,5/2024,1,SF,8/14/24,8/16/24,C-3,15.6137,10.0962,25.0908,24.3744,24.3105,,0.6191,0.7164,0.0639,,6.132,7.096,0.633,7.729
70,NG,B,Live Rhizosphere,5/2024,2,SF,8/14/24,8/16/24,D-1,16.8867,10.084,26.3573,25.651,25.582,,0.6134,0.7063,0.069,,6.083,7.004,0.684,7.688
71,NG,C,Live Rhizosphere,5/2024,1,SF,8/14/24,8/16/24,D-2,14.4855,10.0257,23.8043,23.0875,23.0072,,0.7069,0.7168,0.0803,,7.051,7.150,0.801,7.951
72,NG,C,Live Rhizosphere,5/2024,2,SF,8/14/24,8/16/24,D-3,17.7585,10.0761,27.1401,26.4423,26.3602,,0.6945,0.6978,0.0821,,6.893,6.925,0.815,7.740
73,RC,A,Interspace,5/2024,1,SF,8/7/24,8/12/24,A-1,15.1597,10.0106,24.5368,24.1338,23.9459,,0.6335,0.403,0.1879,,6.328,4.026,1.877,5.903
74,RC,A,Interspace,5/2024,2,SF,8/7/24,8/12/24,A-2,15.554,10.0666,24.9864,24.587,24.402,,0.6342,0.3994,0.185,,6.300,3.968,1.838,5.805
75,RC,B,Interspace,5/2024,1,SF,8/7/24,8/12/24,A-3,17.4077,10.0115,26.9641,26.6339,26.2458,,0.4551,0.3302,0.3881,,4.546,3.298,3.877,7.175
76,RC,B,Interspace,5/2024,2,SF,8/7/24,8/12/24,B-1,18.4809,10.0119,28.0336,27.6781,27.3007,,0.4592,0.3555,0.3774,,4.587,3.551,3.770,7.320
77,RC,C,Interspace,5/2024,1,SF,8/7/24,8/12/24,B-2,15.9877,10.0272,25.6974,25.4606,25.3577,,0.3175,0.2368,0.1029,,3.166,2.362,1.026,3.388
78,RC,C,Interspace,5/2024,2,SF,8/7/24,8/12/24,B-3,15.6133,10.0133,25.3055,25.064,24.9598,,0.3211,0.2415,0.1042,,3.207,2.412,1.041,3.452
79,RC,A,Live Rhizosphere,5/2024,1,SF,8/7/24,8/12/24,C-1,14.4852,10.0964,24.1608,23.707,23.6272,,0.4208,0.4538,0.0798,,4.168,4.495,0.790,5.285
80,RC,A,Live Rhizosphere,5/2024,2,SF,8/7/24,8/12/24,C-2,15.0806,10.009,24.6781,24.24,24.1572,,0.4115,0.4381,0.0828,,4.111,4.377,0.827,5.204
81,RC,B,Live Rhizosphere,5/2024,1,SF,8/7/24,8/12/24,C-3,13.2587,10.0417,22.8438,22.4682,22.3407,,0.4566,0.3756,0.1275,,4.547,3.740,1.270,5.010
82,RC,B,Live Rhizosphere,5/2024,2,SF,8/7/24,8/12/24,D-1,15.9207,10.0768,25.5534,25.1938,25.0568,,0.4441,0.3596,0.137,,4.407,3.569,1.360,4.928
83,RC,C,Live Rhizosphere,5/2024,1,SF,8/7/24,8/12/24,D-2,17.7597,10.0354,27.4797,27.0165,26.9323,,0.3154,0.4632,0.0842,,3.143,4.616,0.839,5.455
84,RC,C,Live Rhizosphere,5/2024,2,SF,8/7/24,8/12/24,D-3,16.8857,10.0974,26.6768,26.2347,26.1533,,0.3063,0.4421,0.0814,,3.033,4.378,0.806,5.185
85,SR,A,Interspace,5/2024,1,SF/RA,7/30/24,8/1/24,A-1,15.9039,10.0011,25.6555,25.2723,25.2014,,0.2495,0.3832,0.0709,,2.495,3.832,0.709,4.541
86,SR,A,Interspace,5/2024,2,SF/RA,7/30/24,8/1/24,A-2,14.6206,10.1157,24.4809,24.0903,24.0166,,0.2554,0.3906,0.0737,,2.525,3.861,0.729,4.590
87,SR,B,Interspace,5/2024,1,SF/RA,7/30/24,8/1/24,A-3,16.9028,10.0083,26.5987,26.1756,25.9685,,0.3124,0.4231,0.2071,,3.121,4.227,2.069,6.297
88,SR,B,Interspace,5/2024,2,SF/RA,7/30/24,8/1/24,B-1,16.3769,10.0651,26.126,25.6854,25.4821,,0.316,0.4406,0.2033,,3.140,4.378,2.020,6.397
89,SR,C,Interspace,5/2024,1,SF/RA,7/30/24,8/1/24,B-2,16.5645,10.0981,26.3547,26.0494,25.9835,,0.3079,0.3053,0.0659,,3.049,3.023,0.653,3.676
90,SR,C,Interspace,5/2024,2,SF/RA,7/30/24,8/1/24,B-3,15.4566,10.006,25.1597,24.8599,24.7935,,0.3029,0.2998,0.0664,,3.027,2.996,0.664,3.660
91,SR,A,Live Rhizosphere,5/2024,1,SF/RA,7/30/24,8/1/24,C-1,15.4864,10.1179,25.2068,24.6717,24.5842,,0.3975,0.5351,0.0875,,3.929,5.289,0.865,6.153
92,SR,A,Live Rhizosphere,5/2024,2,SF/RA,7/30/24,8/1/24,C-2,16.0585,10.0977,25.7664,25.2332,25.1387,,0.3898,0.5332,0.0945,,3.860,5.280,0.936,6.216
93,SR,B,Live Rhizosphere,5/2024,1,SF/RA,7/30/24,8/1/24,C-3,15.652,10.015,25.2228,24.769,24.7011,,0.4442,0.4538,0.0679,,4.435,4.531,0.678,5.209
94,SR,B,Live Rhizosphere,5/2024,2,SF/RA,7/30/24,8/1/24,D-1,15.1934,10.0152,24.7388,24.2949,24.2251,,0.4698,0.4439,0.0698,,4.691,4.432,0.697,5.129
95,SR,C,Live Rhizosphere,5/2024,1,SF/RA,7/30/24,8/1/24,D-2,14.4878,10.1042,24.1856,23.5566,23.49,,0.4064,0.629,0.0666,,4.022,6.225,0.659,6.884
96,SR,C,Live Rhizosphere,5/2024,2,SF/RA,7/30/24,8/1/24,D-3,16.2969,10.0049,25.9041,25.2908,25.2239,,0.3977,0.6133,0.0669,,3.975,6.130,0.669,6.799
97,TI,A,Interspace,5/2024,1,SF/RA,8/16/24,8/30/24,A-1,15.9037,10.0148,25.79,25.6369,25.6071,Used weights from reweigh (blue post-it) before first furnace round,0.1285,0.1531,0.0298,,1.283,1.529,0.298,1.826
98,TI,A,Interspace,5/2024,2,SF/RA,8/16/24,8/30/24,A-2,16.3759,10.0736,26.3194,26.1668,26.1354,Used weights from reweigh (blue post-it) before first furnace round,0.1301,0.1526,0.0314,,1.291,1.515,0.312,1.827
99,TI,B,Interspace,5/2024,1,SF/RA,8/16/24,8/30/24,A-3,15.4559,10.0047,25.3558,25.1743,25.1395,Used weights from reweigh (blue post-it) before first furnace round,0.1048,0.1815,0.0348,,1.048,1.814,0.348,2.162
100,TI,B,Interspace,5/2024,2,SF/RA,8/16/24,8/30/24,B-1,16.0569,10.0234,25.9737,25.7895,25.7548,Used weights from reweigh (blue post-it) before first furnace round,0.1066,0.1842,0.0347,,1.064,1.838,0.346,2.184
101,TI,C,Interspace,5/2024,1,SF/RA,8/16/24,8/30/24,B-2,15.1935,10.0092,25.0646,24.8385,24.8124,Used weights from reweigh (blue post-it) before first furnace round,0.1381,0.2261,0.0261,,1.380,2.259,0.261,2.520
102,TI,C,Interspace,5/2024,2,SF/RA,8/16/24,8/30/24,B-3,14.4876,10.0629,24.4119,24.1863,24.1603,Used weights from reweigh (blue post-it) before first furnace round,0.1386,0.2256,0.026,,1.377,2.242,0.258,2.500
103,TI,A,Live Rhizosphere,5/2024,1,SF/RA,8/16/24,8/30/24,C-1,15.6514,10.0446,25.4793,25.1686,25.1254,Used weights from reweigh (blue post-it) before first furnace round,0.2167,0.3107,0.0432,,2.157,3.093,0.430,3.523
104,TI,A,Live Rhizosphere,5/2024,1,SF/RA,8/16/24,8/30/24,C-2,15.4851,10.0116,25.2806,24.9667,24.9211,Used weights from reweigh (blue post-it) before first furnace round,0.2161,0.3139,0.0456,,2.158,3.135,0.455,3.591
105,TI,B,Live Rhizosphere,5/2024,1,SF/RA,8/16/24,8/30/24,C-3,16.9015,10.0601,26.7033,26.2776,26.2319,Used weights from reweigh (blue post-it) before first furnace round,0.2583,0.4257,0.0457,,2.568,4.232,0.454,4.686
106,TI,B,Live Rhizosphere,5/2024,1,SF/RA,8/16/24,8/30/24,D-1,16.5628,10.0352,26.356,25.9919,25.9416,Used weights from reweigh (blue post-it) before first furnace round,0.242,0.3641,0.0503,,2.412,3.628,0.501,4.129
107,TI,C,Live Rhizosphere,5/2024,1,SF/RA,8/16/24,8/30/24,D-2,14.6198,10.0222,24.4477,24.1561,24.1026,Used weights from reweigh (blue post-it) before first furnace round,0.1943,0.2916,0.0535,,1.939,2.910,0.534,3.443
108,TI,C,Live Rhizosphere,5/2024,1,SF/RA,8/16/24,8/30/24,D-3,16.2957,10.0112,26.11,25.8096,25.7498,Used weights from reweigh (blue post-it) before first furnace round,0.1969,0.3004,0.0598,,1.967,3.001,0.597,3.598
109,OH,A,Interspace,5/2024,1,SF,10/1/24,10/4/14,A-1,16.2957,10.0482,25.8043,25.1216,25.081,,0.5396,0.6827,0.0406,,5.370,6.794,0.404,7.198
110,OH,A,Interspace,5/2024,2,SF,10/1/24,10/4/14,A-2,15.1927,10.0857,24.7334,24.0154,23.9729,,0.545,0.718,0.0425,,5.404,7.119,0.421,7.540
111,OH,B,Interspace,5/2024,1,SF/RA,8/12/24,8/14/24,A-3,15.6511,10.0899,25.3148,24.7373,24.6862,,0.4262,0.5775,0.0511,,4.224,5.724,0.506,6.230
112,OH,B,Interspace,5/2024,2,SF/RA,8/12/24,8/14/24,B-1,15.1928,10.0394,24.8045,24.2333,24.1837,,0.4277,0.5712,0.0496,,4.260,5.690,0.494,6.184
113,OH,C,Interspace,5/2024,1,SF/RA,8/12/24,8/14/24,B-2,14.6196,10.009,24.1887,23.2984,23.2445,,0.4399,0.8903,0.0539,,4.395,8.895,0.539,9.434
114,OH,C,Interspace,5/2024,2,SF/RA,8/12/24,8/14/24,B-3,15.9038,10.0356,25.5183,24.6474,24.5977,,0.4211,0.8709,0.0497,,4.196,8.678,0.495,9.173
115,OH,A,Live Rhizosphere,5/2024,1,SF/RA,8/12/24,8/14/24,C-1,16.0571,10.0731,25.4142,24.601,24.5508,,0.716,0.8132,0.0502,,7.108,8.073,0.498,8.571
116,OH,A,Live Rhizosphere,5/2024,2,SF/RA,8/12/24,8/14/24,C-2,15.4846,10.0666,24.8507,24.0539,24.0051,,0.7005,0.7968,0.0488,,6.959,7.915,0.485,8.400
117,OH,B,Live Rhizosphere,5/2024,1,SF/RA,8/12/24,8/14/24,C-3,16.5628,10.0891,25.6608,24.9522,24.9025,,0.9911,0.7086,0.0497,,9.823,7.023,0.493,7.516
118,OH,B,Live Rhizosphere,5/2024,2,SF/RA,8/12/24,8/14/24,D-1,16.3766,10.0675,25.4444,24.7329,24.6798,,0.9997,0.7115,0.0531,,9.930,7.067,0.527,7.595
119,OH,C,Live Rhizosphere,5/2024,1,SF/RA,8/12/24,8/14/24,D-2,15.4564,10.0387,24.5092,23.6933,23.6366,,0.9859,0.8159,0.0567,,9.821,8.128,0.565,8.692
120,OH,C,Live Rhizosphere,5/2024,2,SF/RA,8/12/24,8/14/24,D-3,16.2953,10.0101,25.2682,24.4448,24.3895,,1.0372,0.8234,0.0553,,10.362,8.226,0.552,8.778
,HR,A,Interspace,5/2024,3,SF,10/1/24,10/4/14,D-2,15.6514,10.042,23.4255,22.7926,22.7354,,2.2679,0.6329,0.0572,,22.584,6.303,0.570,6.872
,HR,B,Interspace,5/2024,3,SF,10/1/24,10/4/14,D-3,16.0572,10.0885,23.6133,22.8934,22.8376,,2.5324,0.7199,0.0558,,25.102,7.136,0.553,7.689
,HR,A,Live Rhizosphere,5/2024,3,SF,10/1/24,10/4/14,C-2,14.6199,10.0032,22.6387,21.9969,21.9503,,1.9844,0.6418,0.0466,,19.838,6.416,0.466,6.882
,HR,B,Live Rhizosphere,5/2024,3,SF,10/1/24,10/4/14,C-3,15.4854,10.0155,23.2901,22.5599,22.5155,,2.2108,0.7302,0.0444,,22.074,7.291,0.443,7.734
,HR,C,Live Rhizosphere,5/2024,3,SF,10/1/24,10/4/14,D-1,15.4562,10.0579,23.3418,22.6772,22.6219,,2.1723,0.6646,0.0553,,21.598,6.608,0.550,7.158