ConeID,Soil ID,Replicate,Rhizo-Int,Treatment,SpeciesID,SeedID
1,BB,C,INT,Live,ARTR,BB
2,NG,A,INT,Live,BRTE,WIL
3,NG,C,INT,Live,ARTR,NG
4,OH,B-C,RHIZO,Dead,ARTR,OH
5,BB,B,INT,Dead,ARTR,BB
6,NG,A,RHIZO,Live,ARTR,NG
7,OH,B,RHIZO,Live,BRTE,USGS
8,BB,B,RHIZO,Live,ARTR,BB
9,HG,C,RHIZO,Dead,BRTE,WIL
10,NG,A,INT,Live,ARTR,NG
11,SR,B,INT,Live,ARTR,SR
12,HG,B,RHIZO,Live,ARTR,HG
13,HG,B-C,RHIZO,Live,ARTR,HG
14,NG,A,INT,Dead,ARTR,NG
15,BB,A-B,RHIZO,Dead,ARTR,BB
16,BB,A,RHIZO,Live,BRTE,WIL
17,NG,A,RHIZO,Dead,ARTR,NG
18,HG,A,RHIZO,Dead,ARTR,HG
19,NG,C,RHIZO,Dead,BRTE,USGS
20,BB,A,RHIZO,Dead,BRTE,WIL
21,BB,A,RHIZO,Live,BRTE,USGS
22,NG,A-B,RHIZO,Dead,ARTR,NG
23,SR,C,INT,Live,BRTE,WIL
24,BB,B,RHIZO,Dead,BRTE,WIL
25,BB,B-C,RHIZO,Dead,BRTE,WIL
26,BB,B,RHIZO,Dead,BRTE,USGS
27,NG,C,INT,Live,BRTE,USGS
28,HG,A,RHIZO,Live,ARTR,HG
29,SR,C,INT,Dead,BRTE,USGS
30,OH,B-C,RHIZO,Live,ARTR,OH
31,HG,B-C,RHIZO,Dead,ARTR,HG
32,BB,C,RHIZO,Dead,ARTR,BB
33,BB,B,INT,Dead,BRTE,WIL
34,OH,C,RHIZO,Dead,ARTR,OH
35,NG,A-B,RHIZO,Live,BRTE,WIL
36,BB,C,INT,Live,BRTE,USGS
37,OH,A-B,RHIZO,Live,BRTE,WIL
38,SR,A,INT,Dead,BRTE,WIL
39,SR,C,RHIZO,Live,ARTR,SR
40,OH,A,RHIZO,Live,BRTE,USGS
41,HG,A-B,RHIZO,Live,ARTR,HG
42,HG,C,INT,Dead,BRTE,USGS
43,HG,C,INT,Live,BRTE,USGS
44,BB,A,RHIZO,Dead,BRTE,USGS
45,OH,B,RHIZO,Dead,BRTE,WIL
46,BB,A,INT,Dead,BRTE,USGS
47,NG,B-C,RHIZO,Live,BRTE,WIL
48,NG,A,RHIZO,Live,BRTE,WIL
49,HG,B,INT,Dead,BRTE,WIL
50,HG,C,INT,Live,BRTE,WIL
51,BB,B,RHIZO,Live,BRTE,USGS
52,NG,B,RHIZO,Dead,BRTE,USGS
53,NG,C,RHIZO,Dead,ARTR,NG
54,OH,B,RHIZO,Live,ARTR,OH
55,BB,A-B,RHIZO,Live,ARTR,BB
56,SR,B,RHIZO,Dead,BRTE,USGS
57,NG,C,INT,Dead,BRTE,WIL
58,OH,A-B,RHIZO,Live,BRTE,USGS
59,SR,A,RHIZO,Live,BRTE,WIL
60,SR,A-B,RHIZO,Dead,ARTR,SR
61,HG,A-B,RHIZO,Dead,BRTE,WIL
62,OH,C,INT,Live,BRTE,USGS
63,OH,B-C,RHIZO,Dead,BRTE,WIL
64,OH,A,INT,Dead,BRTE,USGS
65,HG,B-C,RHIZO,Dead,BRTE,WIL
66,OH,B-C,RHIZO,Dead,BRTE,USGS
67,HG,B,INT,Dead,ARTR,HG
68,BB,A,INT,Live,BRTE,USGS
69,NG,C,INT,Dead,BRTE,USGS
70,NG,B,INT,Live,ARTR,NG
71,HG,B,INT,Live,BRTE,WIL
72,HG,A,INT,Dead,ARTR,HG
73,BB,A,INT,Dead,BRTE,WIL
74,NG,A,RHIZO,Dead,BRTE,WIL
75,HG,A-B,RHIZO,Dead,ARTR,HG
76,HG,B,INT,Live,ARTR,HG
77,BB,C,RHIZO,Dead,BRTE,WIL
78,SR,B,RHIZO,Dead,ARTR,SR
79,OH,B,RHIZO,Dead,ARTR,OH
80,SR,B,INT,Live,BRTE,USGS
81,SR,A,RHIZO,Live,ARTR,SR
82,NG,B,RHIZO,Dead,ARTR,NG
83,BB,A,RHIZO,Live,ARTR,BB
84,BB,B,INT,Live,ARTR,BB
85,BB,A,RHIZO,Dead,ARTR,BB
86,OH,C,RHIZO,Live,ARTR,OH
87,SR,A,RHIZO,Dead,BRTE,WIL
88,OH,B,INT,Dead,ARTR,OH
89,HG,B,RHIZO,Dead,BRTE,USGS
90,SR,B,RHIZO,Live,BRTE,USGS
91,NG,A,INT,Dead,BRTE,USGS
92,NG,C,INT,Dead,ARTR,NG
93,BB,B,RHIZO,Live,BRTE,WIL
94,SR,C,INT,Live,ARTR,SR
95,SR,A,INT,Live,BRTE,WIL
96,OH,C,RHIZO,Live,BRTE,WIL
97,SR,A-B,RHIZO,Dead,ARTR,SR
98,OH,A,INT,Live,BRTE,USGS
99,NG,A-B,RHIZO,Dead,BRTE,USGS
100,HG,A,RHIZO,Dead,BRTE,USGS
101,HG,B-C,RHIZO,Dead,BRTE,USGS
102,BB,A,INT,Live,ARTR,BB
103,SR,A-B,RHIZO,Live,BRTE,WIL
104,SR,C,INT,Dead,ARTR,SR
105,NG,B-C,RHIZO,Dead,BRTE,WIL
106,SR,A-B,RHIZO,Dead,BRTE,WIL
107,BB,A,INT,Dead,ARTR,BB
108,SR,B-C,RHIZO,Dead,BRTE,WIL
109,HG,B,RHIZO,Live,BRTE,USGS
110,NG,B,RHIZO,Live,BRTE,USGS
111,NG,A-B,RHIZO,Dead,BRTE,WIL
112,OH,C,INT,Dead,ARTR,OH
113,SR,B-C,RHIZO,Live,BRTE,WIL
114,OH,B,INT,Live,BRTE,WIL
115,OH,C,INT,Live,BRTE,WIL
116,NG,B-C,RHIZO,Dead,BRTE,USGS
117,OH,A,INT,Live,BRTE,WIL
118,OH,A,RHIZO,Live,BRTE,WIL
119,BB,C,RHIZO,Live,BRTE,USGS
120,NG,B,RHIZO,Live,ARTR,NG
121,BB,B-C,RHIZO,Live,BRTE,WIL
122,NG,C,RHIZO,Live,ARTR,NG
123,BB,A-B,RHIZO,Live,BRTE,WIL
124,HG,A-B,RHIZO,Dead,BRTE,USGS
125,HG,A,INT,Dead,BRTE,WIL
126,OH,A-B,RHIZO,Dead,BRTE,WIL
127,NG,B,INT,Live,BRTE,USGS
128,SR,A,RHIZO,Live,BRTE,USGS
129,BB,B-C,RHIZO,Dead,BRTE,USGS
130,HG,A,RHIZO,Dead,BRTE,WIL
131,SR,B-C,RHIZO,Dead,ARTR,SR
132,NG,B,RHIZO,Dead,BRTE,WIL
133,NG,C,INT,Live,BRTE,WIL
134,SR,B-C,RHIZO,Live,ARTR,SR
135,OH,A-B,RHIZO,Live,ARTR,OH
136,HG,A,RHIZO,Live,BRTE,USGS
137,BB,B-C,RHIZO,Live,ARTR,BB
138,BB,C,INT,Dead,ARTR,BB
139,BB,A-B,RHIZO,Dead,BRTE,USGS
140,OH,B,INT,Live,ARTR,OH
141,OH,A,INT,Dead,BRTE,WIL
142,NG,A-B,RHIZO,Live,ARTR,NG
143,BB,B,INT,Dead,BRTE,USGS
144,NG,A,RHIZO,Live,BRTE,USGS
145,SR,A-B,RHIZO,Live,BRTE,USGS
146,BB,A-B,RHIZO,Live,BRTE,USGS
147,NG,B-C,RHIZO,Live,BRTE,USGS
148,NG,B,INT,Live,BRTE,WIL
149,OH,A,INT,Live,ARTR,OH
150,SR,B,INT,Dead,ARTR,SR
151,HG,A,INT,Live,ARTR,HG
152,SR,B,INT,Live,BRTE,WIL
153,SR,A,RHIZO,Dead,BRTE,USGS
154,OH,B-C,RHIZO,Live,BRTE,USGS
155,BB,B,INT,Live,BRTE,WIL
156,HG,C,RHIZO,Live,BRTE,USGS
157,OH,B,RHIZO,Live,BRTE,WIL
158,HG,A,RHIZO,Live,BRTE,WIL
159,SR,A,INT,Dead,BRTE,USGS
160,BB,C,RHIZO,Dead,BRTE,USGS
161,NG,A,INT,Dead,BRTE,WIL
162,OH,A,RHIZO,Live,ARTR,OH
163,HG,C,RHIZO,Dead,BRTE,USGS
164,SR,C,INT,Live,BRTE,USGS
165,BB,C,INT,Live,BRTE,WIL
166,OH,C,INT,Dead,BRTE,USGS
167,OH,A,RHIZO,Dead,ARTR,OH
168,SR,B-C,RHIZO,Dead,BRTE,USGS
169,SR,C,RHIZO,Dead,ARTR,SR
170,HG,C,INT,Live,ARTR,HG
171,SR,A,INT,Live,BRTE,USGS
172,HG,C,INT,Dead,BRTE,WIL
173,OH,A,RHIZO,Dead,BRTE,USGS
174,OH,A,INT,Dead,ARTR,OH
175,NG,C,RHIZO,Dead,BRTE,WIL
176,HG,B,INT,Dead,BRTE,USGS
177,HG,C,INT,Dead,ARTR,HG
178,BB,C,INT,Dead,BRTE,USGS
179,SR,A,RHIZO,Dead,ARTR,SR
180,HG,A,INT,Live,BRTE,USGS
181,BB,B,RHIZO,Dead,ARTR,BB
182,OH,C,INT,Live,ARTR,OH
183,OH,B,INT,Dead,BRTE,WIL
184,HG,B-C,RHIZO,Live,BRTE,USGS
185,HG,B,RHIZO,Live,BRTE,WIL
186,HG,C,RHIZO,Dead,ARTR,HG
187,HG,B,RHIZO,Dead,ARTR,HG
188,OH,B,INT,Dead,BRTE,USGS
189,SR,C,RHIZO,Dead,BRTE,USGS
190,BB,C,RHIZO,Live,ARTR,BB
191,NG,B,INT,Dead,ARTR,NG
192,OH,B,RHIZO,Dead,BRTE,USGS
193,BB,B,INT,Live,BRTE,USGS
194,HG,B-C,RHIZO,Live,BRTE,WIL
195,HG,B,RHIZO,Dead,BRTE,WIL
196,SR,A,INT,Dead,ARTR,SR
197,SR,A,INT,Live,ARTR,SR
198,OH,C,RHIZO,Live,BRTE,USGS
199,BB,B-C,RHIZO,Live,BRTE,USGS
200,OH,C,RHIZO,Dead,BRTE,USGS
201,NG,C,RHIZO,Live,BRTE,WIL
202,BB,C,INT,Dead,BRTE,WIL
203,SR,C,RHIZO,Dead,BRTE,WIL
204,BB,A-B,RHIZO,Dead,BRTE,WIL
205,SR,B,RHIZO,Live,ARTR,SR
206,HG,A-B,RHIZO,Live,BRTE,USGS
207,OH,B,INT,Live,BRTE,USGS
208,NG,B,INT,Dead,BRTE,USGS
209,NG,B-C,RHIZO,Dead,ARTR,NG
210,OH,C,INT,Dead,BRTE,WIL
211,BB,A,INT,Live,BRTE,WIL
212,SR,B,INT,Dead,BRTE,WIL
213,SR,C,RHIZO,Live,BRTE,WIL
214,OH,C,RHIZO,Dead,BRTE,WIL
215,BB,B-C,RHIZO,Dead,ARTR,BB
216,SR,C,RHIZO,Live,BRTE,USGS
217,NG,B,RHIZO,Live,BRTE,WIL
218,HG,C,RHIZO,Live,ARTR,HG
219,BB,C,RHIZO,Live,BRTE,WIL
220,NG,B,INT,Dead,BRTE,WIL
221,NG,B-C,RHIZO,Live,ARTR,NG
222,HG,A,INT,Live,BRTE,WIL
223,SR,B,RHIZO,Live,BRTE,WIL
224,NG,A-B,RHIZO,Live,BRTE,USGS
225,OH,A-B,RHIZO,Dead,BRTE,USGS
226,HG,A,INT,Dead,BRTE,USGS
227,OH,A-B,RHIZO,Dead,ARTR,OH
228,HG,B,INT,Live,BRTE,USGS
229,NG,C,RHIZO,Live,BRTE,USGS
230,NG,A,INT,Live,BRTE,USGS
231,SR,B,RHIZO,Dead,BRTE,WIL
232,OH,A,RHIZO,Dead,BRTE,WIL
233,SR,B,INT,Dead,BRTE,USGS
234,SR,B-C,RHIZO,Live,BRTE,USGS
235,HG,C,RHIZO,Live,BRTE,WIL
236,HG,A-B,RHIZO,Live,BRTE,WIL
237,NG,A,RHIZO,Dead,BRTE,USGS
238,OH,B-C,RHIZO,Live,BRTE,WIL
239,SR,C,INT,Dead,BRTE,WIL
240,SR,A-B,RHIZO,Dead,BRTE,USGS
