ConeID,SeedID,SoilID,Replicate,Treatment,PopID,Rhizo.Int,Sample Type (AB= aboveground),Envelope Dry Mass (milligrams),Observer and date,Envelope with dry biomass (mg),Observer and date,dry.mass
2,WIL,NG,A,Live,NG,INT,AB,1.0942,HL 9/8,1.1432,LD 9/30,0.049
7,USGS,OH,B,Live,OH,RHIZO,AB,1.0912,HL 9/8,1.1663,LD 9/30,0.0751
9,WIL,HG,C,Dead,HG,RHIZO,AB,1.1177,HL 9/8,1.1332,LD 9/30,0.0155
16,WIL,BB,A,Live,BB,RHIZO,AB,1.0752,HL 9/8,1.1935,LD 9/30,0.1183
19,USGS,NG,C,Dead,NG,RHIZO,AB,1.0601,HL 9/8,1.1563,LD 9/26,0.0962
20,WIL,BB,A,Dead,BB,RHIZO,AB,1.0668,HL 9/8,1.1161,LD 9/30,0.0493
21,USGS,BB,A,Live,BB,RHIZO,AB,1.0854,HL 9/8,1.1981,LD 9/30,0.1127
23,WIL,SR,C,Live,SR,INT,AB,1.0985,HL 9/8,1.121,LD 9/30,0.0225
24,WIL,BB,B,Dead,BB,RHIZO,AB,1.0777,HL 9/8,1.1354,LD 9/30,0.0577
25,WIL,BB,B-C,Dead,BB,RHIZO,AB,1.1274,HL 9/8,1.1338,LD 9/30,0.0064
26,USGS,BB,B,Dead,BB,RHIZO,AB,1.0911,HL 9/8,1.1922,LD 9/30,0.1011
29,USGS,SR,C,Dead,SR,INT,AB,1.1028,HL 9/8,1.1673,LD 9/26,0.0645
33,WIL,BB,B,Dead,BB,INT,AB,1.0701,HL 9/8,1.115,LD 9/30,0.0449
35,WIL,NG,A-B,Live,NG,RHIZO,AB,1.0578,HL 9/8,1.1385,LD 9/30,0.0807
36,USGS,BB,C,Live,BB,INT,AB,1.0794,HL 9/8,1.1962,LD 9/26,0.1168
37,WIL,OH,A-B,Live,OH,RHIZO,AB,1.0904,HL 9/8,1.2333,LD 9/26,0.1429
38,WIL,SR,A,Dead,SR,INT,AB,1.084,HL 9/8,1.1084,LD 9/30,0.0244
40,USGS,OH,A,Live,OH,RHIZO,AB,1.0735,HL 9/8,1.2101,LD 9/30,0.1366
42,USGS,HG,C,Dead,HG,INT,AB,1.0797,HL 9/8,1.1864,LD 9/30,0.1067
43,USGS,HG,C,Live,HG,INT,AB,1.0945,HL 9/8,1.1376,LD 9/30,0.0431
44,USGS,BB,A,Dead,BB,RHIZO,AB,1.094,HL 9/8,1.1121,LD 9/30,0.0181
45,WIL,OH,B,Dead,OH,RHIZO,AB,1.0653,HL 9/8,1.167,LD 9/30,0.1017
46,USGS,BB,A,Dead,BB,INT,AB,1.0753,HL 9/8,1.1478,LD 9/30,0.0725
47,WIL,NG,B-C,Live,NG,RHIZO,AB,1.107,HL 9/8,1.1884,LD 9/30,0.0814
48,WIL,NG,A,Live,NG,RHIZO,AB,1.1208,HL 9/8,1.1616,LD 9/30,0.0408
49,WIL,HG,B,Dead,HG,INT,AB,1.0545,HL 9/8,1.1247,LD 9/30,0.0702
50,WIL,HG,C,Live,HG,INT,AB,1.0738,HL 9/8,1.1373,LD 9/30,0.0635
51,USGS,BB,B,Live,BB,RHIZO,AB,1.0665,HL 9/8,1.1473,LD 9/30,0.0808
52,USGS,NG,B,Dead,NG,RHIZO,AB,1.0697,HL 9/8,1.201,LD 9/30,0.1313
56,USGS,SR,B,Dead,SR,RHIZO,AB,1.0764,HL 9/8,1.2319,LD 9/30,0.1555
57,WIL,NG,C,Dead,NG,INT,AB,1.0717,HL 9/8,1.1132,LD 9/30,0.0415
58,USGS,OH,A-B,Live,OH,RHIZO,AB,1.0648,HL 9/8,1.1882,LD 9/26,0.1234
59,WIL,SR,A,Live,SR,RHIZO,AB,1.0768,HL 9/8,1.1517,LD 9/30,0.0749
61,WIL,HG,A-B,Dead,HG,RHIZO,AB,1.0863,HL 9/8,1.1296,LD 9/30,0.0433
62,USGS,OH,C,Live,OH,INT,AB,1.095,HL 9/8,1.1646,LD 9/30,0.0696
63,WIL,OH,B-C,Dead,OH,RHIZO,AB,1.0581,HL 9/8,1.1381,LD 9/30,0.08
64,USGS,OH,A,Dead,OH,INT,AB,1.0922,HL 9/8,1.1686,LD 9/30,0.0764
65,WIL,HG,B-C,Dead,HG,RHIZO,AB,1.067,HL 9/8,1.1257,LD 9/30,0.0587
66,USGS,OH,B-C,Dead,OH,RHIZO,AB,1.0842,HL 9/8,1.1558,LD 9/30,0.0716
68,USGS,BB,A,Live,BB,INT,AB,1.075,HL 9/8,1.1401,LD 9/30,0.0651
69,USGS,NG,C,Dead,NG,INT,AB,1.0935,HL 9/8,1.1279,LD 9/30,0.0344
71,WIL,HG,B,Live,HG,INT,AB,1.0789,HL 9/8,1.1512,LD 9/30,0.0723
73,WIL,BB,A,Dead,BB,INT,AB,1.088,HL 9/8,1.1592,LD 9/30,0.0712
74,WIL,NG,A,Dead,NG,RHIZO,AB,1.0765,HL 9/8,1.1718,LD 9/30,0.0953
77,WIL,BB,C,Dead,BB,RHIZO,AB,1.0618,HL 9/8,1.1287,LD 9/30,0.0669
80,USGS,SR,B,Live,SR,INT,AB,1.1106,HL 9/8,1.2121,LD 9/30,0.1015
87,WIL,SR,A,Dead,SR,RHIZO,AB,1.0915,HL 9/8,1.2213,LD 9/30,0.1298
89,USGS,HG,B,Dead,HG,RHIZO,AB,1.0813,HL 9/8,1.1593,LD 9/30,0.078
90,USGS,SR,B,Live,SR,RHIZO,AB,1.0729,HL 9/8,1.1858,LD 9/30,0.1129
91,USGS,NG,A,Dead,NG,INT,AB,1.0811,HL 9/8,1.1221,LD 9/30,0.041
93,WIL,BB,B,Live,BB,RHIZO,AB,1.076,HL 9/8,1.2264,LD 9/26,0.1504
95,WIL,SR,A,Live,SR,INT,AB,1.0861,HL 9/8,1.1928,LD 9/30,0.1067
96,WIL,OH,C,Live,OH,RHIZO,AB,1.0801,HL 9/8,1.152,LD 9/30,0.0719
98,USGS,OH,A,Live,OH,INT,AB,1.0769,HL 9/8,1.1415,LD 9/30,0.0646
99,USGS,NG,A-B,Dead,NG,RHIZO,AB,1.0792,HL 9/8,1.1846,LD 9/30,0.1054
100,USGS,HG,A,Dead,HG,RHIZO,AB,1.0869,HL 9/8,1.1961,LD 9/26,0.1092
101,USGS,HG,B-C,Dead,HG,RHIZO,AB,1.0907,HL 9/8,1.1846,LD 9/30,0.0939
103,WIL,SR,A-B,Dead,SR,RHIZO,AB,1.0752,HL 9/8,1.1894,LD 9/30,0.1142
105,WIL,NG,B-C,Dead,NG,RHIZO,AB,1.0575,HL 9/8,1.1512,LD 9/30,0.0937
106,WIL,SR,A-B,Live,SR,RHIZO,AB,1.075,HL 9/8,1.1654,LD 9/30,0.0904
108,WIL,SR,B-C,Dead,SR,RHIZO,AB,1.0504,HL 9/8,1.1852,LD 9/30,0.1348
109,USGS,HG,B,Live,HG,RHIZO,AB,1.0608,HL 9/8,1.2142,LD 9/30,0.1534
110,USGS,NG,B,Live,NG,RHIZO,AB,1.0727,HL 9/8,1.2703,LD 9/30,0.1976
111,WIL,NG,A-B,Dead,NG,RHIZO,AB,1.0564,HL 9/10,1.1882,LD 9/30,0.1318
113,WIL,SR,B-C,Live,SR,RHIZO,AB,1.0959,HL 9/8,1.2663,LD 9/30,0.1704
114,WIL,OH,B,Live,OH,INT,AB,1.0781,HL 9/10,1.1385,LD 9/30,0.0604
115,WIL,OH,C,Live,OH,INT,AB,1.0654,HL 9/10,1.2213,LD 9/26,0.1559
116,USGS,NG,B-C,Dead,NG,RHIZO,AB,1.0864,HL 9/10,1.2443,LD 9/26,0.1579
117,WIL,OH,A,Live,OH,INT,AB,1.0754,HL 9/10,1.2041,LD 9/26,0.1287
118,WIL,OH,A,Live,OH,RHIZO,AB,1.0981,HL 9/8,1.2074,LD 9/26,0.1093
119,USGS,BB,C,Live,BB,RHIZO,AB,1.056,HL 9/8,1.0748,LD 9/30,0.0188
121,WIL,BB,B-C,Live,BB,RHIZO,AB,1.0846,HL 9/8,1.1871,LD 9/26,0.1025
124,USGS,HG,A-B,Dead,HG,RHIZO,AB,1.098,HL 9/10,1.3011,LD 9/26,0.2031
125,WIL,HG,A,Dead,HG,INT,AB,1.1052,HL 9/10,1.2498,LD 9/26,0.1446
126,WIL,OH,A-B,Dead,OH,RHIZO,AB,1.0992,HL 9/10,1.2106,LD 9/26,0.1114
128,USGS,SR,A,Live,SR,RHIZO,AB,1.0646,HL 9/8,1.2257,LD 9/30,0.1611
129,USGS,BB,B-C,Dead,BB,RHIZO,AB,1.0773,HL 9/10,1.193,LD 9/30,0.1157
130,WIL,HG,A,Dead,HG,RHIZO,AB,1.0662,HL 9/10,1.1882,LD 9/26,0.122
132,WIL,NG,B,Dead,NG,RHIZO,AB,1.076,HL 9/10,1.1911,LD 9/26,0.1151
133,WIL,NG,C,Live,NG,INT,AB,1.0701,HL 9/10,1.1493,LD 9/26,0.0792
136,USGS,HG,A,Live,HG,RHIZO,AB,1.0671,HL 9/8,1.1676,LD 9/30,0.1005
139,USGS,BB,A-B,Dead,BB,RHIZO,AB,1.0533,HL 9/10,1.105,LD 9/26,0.0517
141,WIL,OH,A,Dead,OH,INT,AB,1.0659,HL 9/10,1.1869,LD 9/26,0.121
143,USGS,BB,B,Dead,BB,INT,AB,1.1139,HL 9/10,1.1584,LD 9/26,0.0445
145,USGS,SR,A-B,Dead,SR,RHIZO,AB,1.0926,HL 9/10,1.2089,LD 9/30,0.1163
146,USGS,BB,A-B,Live,BB,RHIZO,AB,1.0784,HL 9/8,1.1515,LD 9/30,0.0731
147,USGS,NG,B-C,Live,NG,RHIZO,AB,1.073,HL 9/8,1.1795,LD 9/30,0.1065
148,WIL,NG,B,Live,NG,INT,AB,1.0763,HL 9/10,1.1539,LD 9/26,0.0776
152,WIL,SR,B,Live,SR,INT,AB,1.084,HL 9/10,1.1677,LD 9/26,0.0837
153,USGS,SR,A,Dead,SR,RHIZO,AB,1.0778,HL 9/10,1.1636,LD 9/26,0.0858
154,USGS,OH,B-C,Live,OH,RHIZO,AB,1.0812,HL 9/8,1.1996,LD 9/30,0.1184
155,WIL,BB,B,Live,BB,INT,AB,1.0783,HL NO DATE,1.1442,LD 9/30,0.0659
156,USGS,HG,C,Live,HG,RHIZO,AB,1.0732,HL 9/8,1.1989,LD 9/30,0.1257
157,WIL,OH,B,Live,OH,RHIZO,AB,1.0834,HL 9/8,1.1255,LD 9/30,0.0421
158,WIL,HG,A,Live,HG,RHIZO,AB,1.1052,HL 9/8,1.2446,LD 9/26,0.1394
159,USGS,SR,A,Dead,SR,INT,AB,1.1024,HL 9/10,1.1662,LD 9/30,0.0638
160,USGS,BB,C,Dead,BB,RHIZO,AB,1.1054,HL 9/10,1.157,LD 9/30,0.0516
161,WIL,NG,A,Dead,NG,INT,AB,1.112,HL 9/10,1.1295,LD 9/30,0.0175
163,USGS,HG,C,Dead,HG,RHIZO,AB,1.0817,HL 9/10,1.1634,LD 9/30,0.0817
164,USGS,SR,C,Live,SR,INT,AB,1.0953,HL 9/10,1.1906,LD 9/30,0.0953
165,WIL,BB,C,Live,BB,INT,AB,1.111,HL 9/10,1.1555,LD 9/30,0.0445
166,USGS,OH,C,Dead,OH,INT,AB,1.0879,HL 9/10,1.2173,LD 9/30,0.1294
168,USGS,SR,B-C,Dead,SR,RHIZO,AB,1.078,HL 9/10,1.2205,LD 9/30,0.1425
171,USGS,SR,A,Live,SR,INT,AB,1.0662,HL 9/10,1.1354,LD 9/30,0.0692
172,WIL,HG,C,Dead,HG,INT,AB,1.0902,HL 9/10,1.151,LD 9/30,0.0608
173,USGS,OH,A,Dead,OH,RHIZO,AB,1.0998,HL 9/10,1.2447,LD 9/30,0.1449
175,WIL,NG,C,Dead,NG,RHIZO,AB,1.0923,HL 9/10,1.1878,LD 9/30,0.0955
176,USGS,HG,B,Dead,HG,INT,AB,1.0801,HL 9/10,1.191,LD 9/30,0.1109
178,USGS,BB,C,Dead,BB,INT,AB,1.092,HL 9/10,1.1845,LD 9/30,0.0925
180,USGS,HG,A,Live,HG,INT,AB,1.0901,HL 9/10,1.1599,LD 9/30,0.0698
183,WIL,OH,B,Dead,OH,INT,AB,1.1076,HL 9/10,1.2056,LD 9/30,0.098
184,USGS,HG,B-C,Live,HG,RHIZO,AB,1.0662,HL 9/8,1.182,LD 9/30,0.1158
185,WIL,HG,B,Live,HG,RHIZO,AB,1.0742,HL 9/8,1.2101,LD 9/30,0.1359
188,USGS,OH,B,Dead,OH,INT,AB,1.1164,HL 9/10,1.2058,LD 9/30,0.0894
189,USGS,SR,C,Dead,SR,RHIZO,AB,1.0869,HL 9/10,1.2622,LD 9/30,0.1753
192,USGS,OH,B,Dead,OH,RHIZO,AB,1.0783,HL 9/10,1.1842,LD 9/30,0.1059
193,USGS,BB,B,Live,BB,INT,AB,1.0734,HL 9/10,1.1726,LD 9/26,0.0992
194,WIL,HG,B-C,Live,HG,RHIZO,AB,1.1557,HL 9/8,1.2534,LD 9/30,0.0977
195,WIL,HG,B,Dead,HG,RHIZO,AB,1.0848,HL 9/10,1.1259,LD 9/30,0.0411
198,USGS,OH,C,Live,OH,RHIZO,AB,1.1024,HL 9/8,1.1895,LD 9/30,0.0871
199,USGS,BB,B-C,Live,BB,RHIZO,AB,1.0721,HL 9/8,1.1592,LD 9/30,0.0871
200,USGS,OH,C,Dead,OH,RHIZO,AB,1.0979,HL 9/10,1.1992,LD 9/30,0.1013
201,WIL,NG,C,Live,NG,RHIZO,AB,1.0901,HL 9/8,1.1941,LD 9/30,0.104
202,WIL,BB,C,Dead,BB,INT,AB,1.0794,HL 9/10,1.1695,LD 9/26,0.0901
203,WIL,SR,C,Dead,SR,RHIZO,AB,1.0864,HL 9/10,1.2091,LD 9/30,0.1227
204,WIL,BB,A-B,Dead,BB,RHIZO,AB,1.0777,HL 9/10,1.131,LD 9/30,0.0533
206,USGS,HG,A-B,Live,HG,RHIZO,AB,1.1095,HL 9/8,1.2349,LD 9/30,0.1254
208,USGS,NG,B,Dead,NG,INT,AB,1.0964,HL 9/10,1.1497,LD 9/30,0.0533
210,WIL,OH,C,Dead,OH,INT,AB,1.1024,HL 9/10,1.2058,LD 9/30,0.1034
211,WIL,BB,A,Live,BB,INT,AB,1.0924,HL 9/10,1.1595,LD 9/30,0.0671
212,WIL,SR,B,Dead,SR,INT,AB,1.0816,HL 9/10,1.1454,LD 9/30,0.0638
213,WIL,SR,C,Live,SR,RHIZO,AB,1.0754,HL 9/8,1.2273,LD 9/26,0.1519
214,WIL,OH,C,Dead,OH,RHIZO,AB,1.1002,HL 9/10,1.2001,LD 9/30,0.0999
216,USGS,SR,C,Live,SR,RHIZO,AB,1.1052,HL 9/8,1.2392,LD 9/30,0.134
217,WIL,NG,B,Live,NG,RHIZO,AB,1.0691,HL 9/8,1.214,LD 9/26,0.1449
219,WIL,BB,C,Live,BB,RHIZO,AB,1.0649,HL 9/8,1.1683,LD 9/26,0.1034
223,WIL,SR,B,Live,SR,RHIZO,AB,1.0802,HL 9/8,1.1354,LD 9/26,0.0552
224,USGS,NG,A-B,Live,NG,RHIZO,AB,1.0856,HL 9/8,1.2218,LD 9/30,0.1362
225,USGS,OH,A-B,Dead,OH,RHIZO,AB,1.0828,HL 9/10,1.2018,LD 9/30,0.119
226,USGS,HG,A,Dead,HG,INT,AB,1.1056,HL 9/10,1.1507,LD 9/30,0.0451
228,USGS,HG,B,Live,HG,INT,AB,1.0909,HL 9/10,1.1717,LD 9/30,0.0808
229,USGS,NG,C,Live,NG,RHIZO,AB,1.0905,HL 9/8,1.2408,LD 9/30,0.1503
230,USGS,NG,A,Live,NG,INT,AB,1.092,HL 9/10,1.159,LD 9/30,0.067
231,WIL,SR,B,Dead,SR,RHIZO,AB,1.102,HL 9/10,1.3046,LD 9/30,0.2026
232,WIL,OH,A,Dead,OH,RHIZO,AB,1.0578,HL 9/10,1.1236,LD 9/30,0.0658
233,USGS,SR,B,Dead,SR,INT,AB,1.0537,HL 9/10,1.1333,LD 9/30,0.0796
234,USGS,SR,B-C,Live,SR,RHIZO,AB,1.0731,HL 9/8,1.2136,LD 9/26,0.1405
235,WIL,HG,C,Live,HG,RHIZO,AB,1.0841,HL 9/8,1.1991,LD 9/26,0.115
237,USGS,NG,A,Dead,NG,RHIZO,AB,1.0726,HL 9/10,1.1695,LD 9/30,0.0969
238,WIL,OH,B-C,Live,OH,RHIZO,AB,1.0801,HL 9/8,1.1553,LD 9/26,0.0752
239,WIL,SR,C,Dead,SR,INT,AB,1.0813,HL 9/10,1.1331,LD 9/30,0.0518
240,USGS,SR,A-B,Live,SR,RHIZO,AB,1.0883,HL 9/8,1.2306,LD 9/30,0.1423
